[
    {
        "id": 0,
        "data": "Who is prime minister of India?",
        "options": ["Rahul Gandhi", "Narendra Modi", "Yogi Aditya"],
        "ans": 1,
        "category": "Social",
        "page": 1,
        "difficult": "Easy"
    },
    {
        "id": 1,
        "data": "Who is captain of Indian cricket team?",
        "options": ["Virat Kohli", "Rohit Sharma", "MS Dhoni"],
        "ans": 0,
        "category": "Sports",
        "page": 1,
        "difficult": "Easy"
    },
    {
        "id": 2,
        "data": "Which of the following are space organisations?",
        "options": ["NASA", "ISRO", "ISS"],
        "ans": 0,
        "category": "Science",
        "page": 1,
        "difficult": "Easy"
    },
    {
        "id": 3,
        "data": "Which city is the capital of India",
        "options": ["Mumbai", "Banglore", "Delhi"],
        "ans": 2,
        "category": "Social",
        "page": 2,
        "difficult": "Easy"
    },
    {
        "id": 4,
        "data": "When were the first recorded olympics held?",
        "options": ["776 BC", "400 BC", "530 BC"],
        "ans": 1,
        "category": "Sports",
        "page": 2,
        "difficult": "Easy"
    }
    ,
    {
        "id": 5,
        "data": "The term beemer is associated with",
        "options": ["hockey", "football", "cricket"],
        "ans": 2,
        "category": "Sports",
        "page": 2,
        "difficult": "Easy"
    }
    ,
    {
        "id": 6,
        "data": "Who is home minister of India",
        "options": ["Amit Shah", "Sashi Tharoor", "Ram Nath"],
        "ans": 0,
        "category": "Social",
        "page": 3,
        "difficult": "Easy"
    }
    ,
    {
        "id": 7,
        "data": "What is the name of the biggest part of the human brain?",
        "options": ["medulla", "cerebrum", "cerebullum"],
        "ans": 1,
        "category": "Science",
        "page": 3,
        "difficult": "Easy"
    }
    ,
    {
        "id": 8,
        "data": "What substance are nails made of?",
        "options": ["Keratin", "Calcium", "Carbon"],
        "ans": 0,
        "category": "Science",
        "page": 3,
        "difficult": "Easy"
    }
]